source,address,url
PortalWash,"Москва, МКАД, 94-й км, д. 6",https://portalwash.ru/adress
PortalWash,"Москва, ул. Лобачевского, 19",https://portalwash.ru/adress
PortalWash,"Москва, ул. Земляной Вал, 29с12",https://portalwash.ru/adress
PortalWash,"Москва, ул. Озерная, 33А",https://portalwash.ru/adress
PortalWash,"Москва, ул. Обручева, 52с69",https://portalwash.ru/adress
PortalWash,"Москва, Северный бульвар, 9А",https://portalwash.ru/adress
PortalWash,"Москва, Ярославское ш., 25с3",https://portalwash.ru/adress
PortalWash,"Москва, 3-я Хорошёвская улица, 21к1с1",https://portalwash.ru/adress
PortalWash,"Москва, МКАД, 67-й километр, 7с1",https://portalwash.ru/adress
PortalWash,"Москва, ул. Смольная, 4с2",https://portalwash.ru/adress
PortalWash,"Москва, ул. Поляны 6б",https://portalwash.ru/adress
PortalWash,"Московская область, д.Сапроново, ул. Калиновая, 1с1",https://portalwash.ru/adress
PortalWash,"Московская область, деревня Сапроново, ЖК Первый Квартал",https://portalwash.ru/adress
PortalWash,"Московская область, деревня Сапроново, ул. Калиновая, 1с1",https://portalwash.ru/adress
